accreditation_code,project_name,state,postcode,capacity_mw,fuel_source,accreditation_start_date,approval_date,project_stage
SRPXQLE8,"Laura Johnson Home, Townview",QLD,4825,0.2265,Solar,2024-10-15,2025-01-13,approved
SRPYNS39,Leppington,NSW,2179,0.732,Solar,2024-11-22,2025-01-13,approved
SRPYNS58,Quakers Hillside Care Community,NSW,2763,0.1996,Solar,2024-12-19,2025-01-13,approved
SRPXVCN4,Rest Nominees,VIC,3008,0.1188,Solar,2024-09-20,2025-01-13,approved
SRPXQLF9,Retail First Mt Ommaney,QLD,4074,1.0004,Solar,2024-10-29,2025-01-13,approved
SRPXQLG3,Woolworths HCFDC Heathwood,QLD,4110,1.6721,Solar,2024-12-12,2025-01-13,approved
SRPVTA25,Woolworths Kings Meadow 7210,TAS,7249,0.2926,Solar,2024-11-18,2025-01-13,approved
SRPVSAY5,CLAYTON CHURCH HOMES INC- ELIZABETH PARK,SA,5113,0.1965,Solar,2024-12-11,2025-01-17,approved
SRPYNS57,Dalwood Children's Home,NSW,2092,0.2465,Solar,2024-12-19,2025-01-17,approved
SRPVSAY1,Haighs Proprietary Limited - Salisbury South,SA,5106,0.6265,Solar,2024-12-27,2025-01-17,approved
SRPYNS56,Lindt & Sprungli (Australia) Pty Ltd - 1017.9kW,NSW,2765,1.0179,Solar,2024-12-17,2025-01-17,approved
SRPVSAX9,Midfield Trading,SA,5010,0.6443,Solar,2024-11-25,2025-01-17,approved
SRPXVCG8,Wilandra Farms Clydebank,VIC,3851,0.155,Solar,2024-12-20,2025-01-17,approved
SRPYNS13,Balickera WPS,NSW,2324,3.1158,Solar,2024-11-05,2025-01-20,approved
SRPVSAX0,The Creeks Pipeline Company Ltd,SA,5259,2.808,Solar,2024-12-01,2025-01-20,approved
SRPVSAX2,Lai Industries,SA,5010,0.5445,Solar,2024-10-16,2025-01-23,approved
SRPVSAY6,CLAYTON CHURCH HOMES INC- Prospect,SA,5082,0.198,Solar,2024-12-11,2025-01-28,approved
SRPXVCP2,Kerang Solar Plant,VIC,3579,37.2874,Solar,2025-01-21,2025-01-28,approved
SRPVQLO6,Red Valley Farms,QLD,4871,0.3801,Solar,2024-11-11,2025-01-28,approved
SRPVWAH2,Region Group Warnbro Central,WA,6169,0.5736,Solar,2024-11-21,2025-01-28,approved
SRPXVCP4,Southern Steel-Dandenong South,VIC,3175,0.2,Solar,2024-12-19,2025-01-28,approved
SRPVSAY9,Southern Steel-Pooraka,SA,5095,0.2498,Solar,2024-12-19,2025-01-28,approved
SRPVSAY7,CLAYTON CHURCH HOMES INC- Magill,SA,5072,0.2001,Solar,2024-12-11,2025-01-31,approved
SRPYNS53,AU186 Oakdale West 5B,NSW,2178,0.15,Solar,2024-12-16,2025-02-04,approved
SRPVWAN2,Carosue,WA,6440,8.464,Solar,2024-12-24,2025-02-10,approved
SRPVSAY8,Linfox Regency Park,SA,5010,0.7,Solar,2024-12-17,2025-02-10,approved
SRPVWAN1,PWR Hybrid Cataby,WA,6507,9.558,Solar,2025-01-08,2025-02-10,approved
SRPYNS54,Blacktown Warehouse 1,NSW,2148,0.2,Solar,2024-12-17,2025-02-11,approved
SRPYNS55,Blacktown Warehouse 2,NSW,2148,0.2,Solar,2024-12-17,2025-02-11,approved
SRPVQLQ4,HCS,QLD,4014,0.438,Solar,2024-11-14,2025-02-11,approved
SRPXQLF1,Intertek Townsville,QLD,4818,0.182,Solar,2024-10-18,2025-02-11,approved
SRPYNS65,ISLHD-Bulli Hospital,NSW,2516,0.281,Solar,2025-01-13,2025-02-11,approved
SRPVWAN3,Region Group Treendale,WA,6233,0.34,Solar,2025-01-28,2025-02-11,approved
SRPYNS52,Woolworths DC Moorebank RDC 7950,NSW,2170,2.02,Solar,2024-12-12,2025-02-11,approved
SRPYNS34,Bunnings Padstow,NSW,2211,0.28,Solar,2024-11-15,2025-02-19,approved
SRPVSAX1,Five Star Seafoods,SA,5291,0.189,Solar,2024-10-14,2025-02-19,approved
SRPVSAW5,Morgan Sawmill,SA,5491,0.199,Solar,2024-08-13,2025-02-19,approved
SRPXQLG4,Northpoint Shopping Centre,QLD,4350,0.298,Solar,2024-12-16,2025-02-19,approved
SRPXQLH2,Ormeau,QLD,4208,0.659,Solar,2025-01-22,2025-02-19,approved
SRPYNS67,Symbion,NSW,2178,1.751,Solar,2025-01-31,2025-02-19,approved
SRPYNS44,AFS Cadell Balranald,NSW,2715,4.827,Solar,2024-12-02,2025-02-21,approved
SRPYNS62,AU544 Interlink Estate,NSW,2759,0.54,Solar,2024-12-29,2025-02-21,approved
SRPYNS77,BAE Williamtown,NSW,2318,0.416,Solar,2025-02-17,2025-02-21,approved
SRPYNS33,Bunnings Greenacre,NSW,2190,0.2,Solar,2024-11-15,2025-02-21,approved
SRPXQLG7,Caloundra NMI 31173199012,QLD,4551,0.228,Solar,2025-01-07,2025-02-21,approved
SRPYNS68,HMC Capital Marsden Park,NSW,2765,0.24,Solar,2025-02-04,2025-02-21,approved
SRPYNS69,HMC Glenmore Park Shopping Centre,NSW,2745,0.5,Solar,2025-02-06,2025-02-21,approved
SRPVSAY3,Lambert Estate Wines Pty Ltd,SA,5353,0.223,Solar,2024-12-03,2025-02-21,approved
SRPXVCI1,Martin Brower Dandenong,VIC,3175,0.625,Solar,2024-12-20,2025-02-21,approved
SRPYNS50,Mt Annan Christian College,NSW,2567,0.22,Solar,2024-12-05,2025-02-21,approved
SRPYNS76,Scalabrini Chipping Norton,NSW,2170,0.335,Solar,2025-02-17,2025-02-21,approved
SRPXQLH1,Woolworths Darra 2695,QLD,4076,0.25,Solar,2025-01-20,2025-02-21,approved
SRPXQLH4,Woolworths Ingham 2723,QLD,4850,0.275,Solar,2025-02-04,2025-02-21,approved
SRPVSAZ1,Woolworths Seaford 5646,SA,5169,0.275,Solar,2025-02-04,2025-02-21,approved
SRPYNS28,MNCLHD Coffs Harbour Health Campus,NSW,2450,1.323,Solar,2024-11-18,2025-02-24,approved
SRPYNS61,Tip Top Chullora,NSW,2190,2.018,Solar,2024-12-20,2025-02-24,approved
SRPXQLC4,OZLEMFOODSWA,QLD,4207,0.443,Solar,2024-07-12,2025-03-05,approved
SRPXVCP3,Somerville Gardens Care Community,VIC,3912,0.24,Solar,2024-12-16,2025-03-06,approved
SRPXVCK5,Big W Mildura 560,VIC,3500,0.2,Solar,2025-02-25,2025-03-07,approved
SRPYNS73,Bunnings Maitland,NSW,2320,0.24,Solar,2025-02-14,2025-03-07,approved
SRPYNS41,Clean Peak Energy - Goulburn Marketplace,NSW,2580,0.288,Solar,2024-12-17,2025-03-07,approved
SRPYNS71,Covenant Christian School,NSW,2085,0.181,Solar,2025-02-11,2025-03-07,approved
SRPYNS70,EWH Food Services Kingsgrove,NSW,2208,0.325,Solar,2025-02-11,2025-03-07,approved
SRPXQLH7,Frasers Woolworths Liquor Warehouse,QLD,4207,0.501,Solar,2025-02-14,2025-03-07,approved
SRPYNS75,"Scalabrini ""The Village"" Drummoyne",NSW,2047,0.235,Solar,2025-02-17,2025-03-07,approved
SRPXNSX6,Woolworths Katoomba 1787,NSW,2780,0.275,Solar,2025-02-19,2025-03-07,approved
SRPXQLE1,Agile Energy - BWY - 200kW,QLD,4208,0.2,Solar,2025-03-01,2025-03-17,approved
SRPXVCP0,Aussie Pride Produce,VIC,3634,0.148,Solar,2024-10-28,2025-03-17,approved
SRPXVCO5,Campari,VIC,3026,0.65,Solar,2024-10-03,2025-03-17,approved
SRPVSAW7,Chep Pallets,SA,5110,0.252,Solar,2024-09-13,2025-03-17,approved
SRPXQLF6,"Heidke St, Avoca",QLD,4670,0.198,Solar,2024-10-30,2025-03-17,approved
SRPYNS82,HNELHD Tamworth,NSW,2340,1.063,Solar,2025-02-26,2025-03-17,approved
SRPYNS79,ISLHD Shoalhaven Hospital,NSW,2541,0.5,Solar,2025-02-17,2025-03-17,approved
SRPYNS60,Kingspan Insulated Panels Pty Limited,NSW,2760,0.16,Solar,2024-12-20,2025-03-17,approved
SRPXQLE5,Ornatas Tasmanian Lobster Hatchery,QLD,4816,0.158,Solar,2024-09-30,2025-03-17,approved
WD00SA24,Goyder South Wind Farm 1B,SA,5417,195.693,Wind,2024-11-11,2025-03-27,approved
SRPYNS08,Agile Energy - ECB - 348kW,NSW,2250,0.348,Solar,2024-10-01,2025-03-31,approved
SRPVWAL0,ATCO Gas Australia Jandakot Microgrid,WA,6164,0.301,Solar,2021-03-12,2025-03-31,approved
SRPXQLH8,Caloundra NMI 3117361486,QLD,4551,0.348,Solar,2025-03-03,2025-03-31,approved
SRPVWAM6,City of Stirling (Administration Centre),WA,6021,0.47,Solar,2024-12-04,2025-03-31,approved
SRPVNSY6,Concord Hospital - 313.2kW,NSW,2138,0.314,Solar,2024-11-04,2025-03-31,approved
SRPXQLG1,CQFMS,QLD,4740,0.307,Solar,2024-11-29,2025-03-31,approved
SRPYNS84,Mirvac Switchyards Building 2,NSW,2144,0.2,Solar,2025-03-05,2025-03-31,approved
SRPVSAW3,Seaford Central,SA,5169,0.465,Solar,2025-02-05,2025-03-31,approved
SRPXQLG6,Stockland Rockhampton Shopping Centre,QLD,4701,2.673,Solar,2025-01-16,2025-03-31,approved
SRPXQLE0,The Good Shepherd Home,QLD,4814,0.314,Solar,2025-02-27,2025-03-31,approved
SRPXVCI5,Waverley Valley Care Community,VIC,3150,0.15,Solar,2025-02-19,2025-03-31,approved
SRPYNS81,B&J Greenacre,NSW,2190,0.4,Solar,2025-02-28,2025-04-01,approved
SRPYNS32,Bunnings Eastgardens,NSW,2036,0.34,Solar,2024-11-15,2025-04-01,approved
SRPXVCQ1,CH3059 Midwest Logistics Hub (INGH1),VIC,3029,1.0,Solar,2025-03-11,2025-04-01,approved
SRPXVCK3,"Macaulay Rd, Kensington",VIC,3031,0.198,Solar,2025-03-05,2025-04-01,approved
SRPVWAN0,MF Logistics Bvd,WA,6107,0.781,Solar,2024-12-12,2025-04-01,approved
SRPYNS37,Mirvac Switchyards Building 6,NSW,2144,0.2,Solar,2025-02-25,2025-04-01,approved
SRPXQL34,Oxley Grove Care Community,QLD,4077,0.278,Solar,2025-02-19,2025-04-02,approved
SRPXNSW7,Stubbo,NSW,2852,520.393,Solar,2024-12-20,2025-04-02,approved
SRPXQLB7,123 Sippy Downs,QLD,4556,0.2,Solar,2025-02-28,2025-04-09,approved
SRPXQLH5,Agile Energy - RetireVerge 152kW,QLD,4220,0.152,Solar,2025-01-28,2025-04-09,approved
SRPYNS72,Baked Provisions Sydney - 200.2kW,NSW,2170,0.2,Solar,2025-02-14,2025-04-09,approved
SRPXVCQ3,Chadstone Freshfood,VIC,3145,0.733,Solar,2025-03-27,2025-04-09,approved
SRPYNS86,Mcdonald College,NSW,2137,0.253,Solar,2025-03-20,2025-04-09,approved
SRPXVCI2,Moe Newborough,VIC,3825,0.189,Solar,2025-01-29,2025-04-09,approved
SRPYNS83,Nepean Hospital - Kingswood,NSW,2747,0.52,Solar,2025-03-14,2025-04-09,approved
SRPXQLH0,PFI Darra,QLD,4076,0.246,Solar,2025-01-16,2025-04-09,approved
SRPYNS64,REMONDIS-Tomago,NSW,2322,0.551,Solar,2025-01-11,2025-04-09,approved
SRPXQLI3,Story Fresh Produce,QLD,4358,0.201,Solar,2025-03-24,2025-04-09,approved
SRPXQLI2,TIP TOP Carrara,QLD,4211,0.221,Solar,2025-03-26,2025-04-09,approved
SRPXVCP7,Truganina,VIC,3029,0.293,Solar,2025-02-26,2025-04-09,approved
SRPYNS59,UPS SCS Australia,NSW,2175,0.4,Solar,2024-12-20,2025-04-09,approved
SRPXVCJ7,Petstock DC Avalon,VIC,3212,0.4,Solar,2025-02-19,2025-04-10,approved
SRPVSAZ0,REMONDIS-Wingfield,SA,5013,0.397,Solar,2025-01-11,2025-04-10,approved
SRPVSAZ7,BAE Systems Edinburgh Parks,SA,5111,0.162,Solar,2025-04-02,2025-04-11,approved
SRPXVCQ2,Latrobe Leisure Morwell,VIC,3840,0.214,Solar,2025-03-24,2025-04-14,approved
SRPXQLB1,Acacia Ridge,QLD,4110,0.444,Solar,2025-02-20,2025-04-15,approved
SRPXVCQ5,GPE_LYKA WELLNESS,VIC,3175,0.499,Solar,2025-04-02,2025-04-15,approved
SRPXVCP8,Greenlink 7,VIC,3977,0.42,Solar,2025-02-28,2025-04-15,approved
SRPYNS88,IBIS Care,NSW,2223,0.323,Solar,2025-03-23,2025-04-15,approved
SRPYNS66,Agile Energy - T&P 361kW,NSW,2015,0.361,Solar,2025-01-28,2025-04-17,approved
SRPXQLG8,Cairns Colonial Club,QLD,4870,0.208,Solar,2025-02-10,2025-04-17,approved
SRPYNS93,CALABRIA FAMILY WINES PTY LTD,NSW,2680,1.032,Solar,2025-04-02,2025-04-17,approved
SRPVSAZ4,Pikes Wines Pty Ltd,SA,5453,0.2,Solar,2025-04-01,2025-04-17,approved
SRPVWAN4,Region Group Currambine,WA,6028,1.48,Solar,2025-01-29,2025-04-17,approved
SRPXQLH3,Cubbie,QLD,4486,3.44,Solar,2025-01-29,2025-04-22,approved
SRPXNSU4,DHL Skyline,NSW,2171,1.0,Solar,2025-02-25,2025-04-22,approved
SRPXVCP5,Hendys Road Numurkah,VIC,3636,6.162,Solar,2025-02-04,2025-04-22,approved
SRPVSAZ5,Woolworths Golden Grove (The Stables) 5632,SA,5125,0.2,Solar,2025-03-27,2025-04-22,approved
SRPYNSA0,Gregory Hills Hotel,NSW,2557,0.2,Solar,2025-04-15,2025-04-23,approved
SRPVSAZ2,Moyhall,SA,5271,8.203,Solar,2025-03-05,2025-04-24,approved
SRPXQLI8,AU371 -Lytton Industry U3 & U4,QLD,4178,0.291,Solar,2025-04-03,2025-05-02,approved
SRPYNS90,Kerarbury Station Almond Orchard,NSW,2706,6.004,Solar,2025-03-27,2025-05-02,approved
SRPVSAZ3,Steel Building Systems,SA,5113,0.2,Solar,2025-03-24,2025-05-02,approved
SRPYNS97,Temperzone - 359.52kW,NSW,2148,0.36,Solar,2025-04-10,2025-05-02,approved
SRPXQLG9,Cowboys HQ,QLD,4810,0.264,Solar,2025-01-17,2025-05-14,approved
SRPYNS99,DUX MANUFACTURING LIMITED,NSW,2577,0.4,Solar,2025-04-11,2025-05-14,approved
SRPXVCH9,GPT Highpoint DJ,VIC,3032,0.47,Solar,2024-12-05,2025-05-14,approved
SRPXQLJ2,Mercy Place Cairns,QLD,4870,0.279,Solar,2025-04-30,2025-05-14,approved
SRPXQLE4,Mirani Water Recycling Facility,QLD,4754,0.17,Solar,2024-11-29,2025-05-14,approved
SRPYNSA3,OPAL Bankstown Terrace Care Community,NSW,2200,0.239,Solar,2025-04-23,2025-05-14,approved
SRPYNSA4,OPAL Berkeley Care Community,NSW,2261,0.169,Solar,2025-04-23,2025-05-14,approved
SRPXVCQ4,UCS Pakenham,VIC,3810,0.177,Solar,2025-04-02,2025-05-14,approved
SRPVWAN6,Armadale Shopping Centre 576kW,WA,6112,0.576,Solar,2025-04-14,2025-05-15,approved
SRPVWAN7,Armadale Shopping Centre 700kW,WA,6112,0.704,Solar,2025-04-14,2025-05-15,approved
SRPYNS74,AU876 Rosehill Industrial Estate - Buildings C & D,NSW,2142,0.764,Solar,2025-02-14,2025-05-15,approved
SRPYNSA6,Mayfield Aged Care,NSW,2304,0.192,Solar,2025-04-28,2025-05-15,approved
SRPYNS95,Westrac Tomago,NSW,2322,1.663,Solar,2025-04-08,2025-05-15,approved
SRPYNS63,Wollar Solar Farm,NSW,2850,346.248,Solar,2025-01-17,2025-05-15,approved
SRPXQLI9,NEUMANN STEEL 1,QLD,4223,1.517,Solar,2025-04-22,2025-05-20,approved
SRPYNSA8,St Gregory's College Hall,NSW,2557,0.199,Solar,2025-05-02,2025-05-20,approved
BEBGNS39,St Marys Sewage Treatment - Cogeneration Plant - NSW,NSW,2760,1.7,Sewage Gas and Biomass-Based Components of Sewage,2025-01-09,2025-05-20,approved
SRPYNSA7,Wentworthville Leagues Club Ltd,NSW,2145,0.23,Solar,2025-05-02,2025-05-20,approved
SRPYNSB1,Wentworthville Leagues Club Ltd System 2,NSW,2145,0.23,Solar,2025-05-05,2025-05-20,approved
BEBGWA14,Westpork (Moora) - Agricultural Waste - WA,WA,6507,0.63,Agricultural Waste,2024-12-10,2025-05-21,approved
SRPXQLJ0,Across The Waves Sports Club Bundaberg,QLD,4670,0.45,Solar,2025-04-30,2025-05-22,approved
SRPXQLJ3,HomeCo Toowoomba,QLD,4350,0.14,Solar,2025-05-01,2025-05-22,approved
SRPXQLJ5,HomeCo Upper Coomera,QLD,4209,0.23,Solar,2025-05-14,2025-05-22,approved
SRPXVCR1,PLASTIC SOLUTIONS,VIC,3179,0.359,Solar,2025-04-22,2025-05-26,approved
WD00QL09,Clarke Creek Wind Farm,QLD,4705,450.0,Wind,2025-01-07,2025-05-28,approved
SRPXQLJ1,Big Dog Pet Foods,QLD,4504,0.662,Solar,2025-04-30,2025-05-29,approved
SRPXQLI4,Doomadgee Solar Farm Stage 2,QLD,4830,0.304,Solar,2025-03-17,2025-05-29,approved
SRPXVCP6,MOKOAN SOLAR FARM,VIC,3673,57.803,Solar,2025-02-25,2025-05-29,approved
SRPXQLJ7,Plainland,QLD,4341,0.428,Solar,2025-05-08,2025-05-29,approved
SRPXQLJ6,Homeco Tingalpa,QLD,4173,0.204,Solar,2025-05-14,2025-05-30,approved
SRPVNT81,Palmerston Golf & Country Club,NT,0830,0.2,Solar,2025-03-21,2025-05-30,approved
SRPVSAZ6,Tip Top Dry Creek,SA,5094,0.918,Solar,2025-04-10,2025-05-30,approved
SRPXSA02,Woolworths Kingston 7003,TAS,7050,0.338,Solar,2025-05-26,2025-06-03,approved
SRPXQLK0,Americold Hemmant 2,QLD,4174,0.311,Solar,2025-05-22,2025-06-10,approved
SRPXQLI5,Brisbane Lions,QLD,4300,0.799,Solar,2025-04-14,2025-06-10,approved
SRPXQLK1,Cairns Aquarium,QLD,4870,0.4,Solar,2025-05-26,2025-06-10,approved
SRPYNSB3,Clean Peak Energy - Coles Dubbo Square,NSW,2830,0.37,Solar,2025-05-19,2025-06-10,approved
SRPVAC44,CSIRO,ACT,2620,1.269,Solar,2024-08-20,2025-06-10,approved
SRPXVCR4,HomeCo Keysborough,VIC,3173,0.152,Solar,2025-05-14,2025-06-10,approved
SRPYNS89,STM Smeaton Grange,NSW,2567,0.233,Solar,2025-03-26,2025-06-10,approved
SRPYNSA9,The Big Banana Coffs Harbour,NSW,2450,0.127,Solar,2025-05-02,2025-06-10,approved
SRPYNSC1,Uniting Farmborough,NSW,2526,0.15,Solar,2025-05-26,2025-06-10,approved
SRPYNSB2,Synnex Australia,NSW,2141,0.474,Solar,2025-04-24,2025-06-19,approved
SRPXQLI6,Associated Grains Dalby,QLD,4405,0.348,Solar,2025-03-31,2025-06-25,approved
SRPYNSA1,Clean Peak Energy - Moama,NSW,2731,7.528,Solar,2025-04-15,2025-06-25,approved
SRPYNSA5,Kootingal Solar Farm,NSW,2352,6.048,Solar,2025-04-28,2025-06-25,approved
SRPXQLI0,IBIS,QLD,4876,0.151,Solar,2025-04-28,2025-06-26,approved
SRPXVCR0,Puopolo Smallgoods,VIC,3026,0.309,Solar,2025-04-16,2025-06-26,approved
SRPXQLK5,Alsco Salisbury,QLD,4107,0.3,Solar,2025-06-11,2025-06-27,approved
SRPYNSC5,Bunnings Penrith,NSW,2750,0.37,Solar,2025-05-28,2025-06-27,approved
SRPXVCR2,Cherry Lane,VIC,3026,0.42,Solar,2025-05-21,2025-06-27,approved
SRPXVCR7,Coolaroo,VIC,3048,0.7,Solar,2025-05-26,2025-06-27,approved
SRPYNSB7,"CVAS, Clarenza",NSW,2460,0.194,Solar,2025-05-19,2025-06-27,approved
SRPVWAN5,DMK - 27 Alacrity Place,WA,6166,0.196,Solar,2025-03-24,2025-06-27,approved
SRPYNSC2,Macathur Square,NSW,2560,4.542,Solar,2025-05-22,2025-06-27,approved
SRPYNSB5,Powerhouse Museum,NSW,2154,0.801,Solar,2025-05-14,2025-06-27,approved
SRPVWAL5,Region Group Kwinana 1,WA,6167,1.191,Solar,2025-03-06,2025-06-27,approved
SRPYNS98,Riverwood CCP,NSW,2210,0.126,Solar,2025-04-23,2025-06-27,approved
SRPYNSD2,Sydney City Toyota Waterloo,NSW,2017,0.454,Solar,2025-06-11,2025-06-27,approved
SRPXVCQ7,Timberjack 10 International Square,VIC,3043,0.236,Solar,2025-04-07,2025-06-27,approved
SRPXVCQ8,Timberjack 11 International Square,VIC,3043,0.173,Solar,2025-04-07,2025-06-27,approved
SRPXVCQ6,Timberjack Bliss Court Derrimut,VIC,3026,0.62,Solar,2025-04-07,2025-06-27,approved
SRPXVCR3,Uppal Produce,VIC,3616,0.15,Solar,2025-05-14,2025-06-27,approved
SRPXQLH9,Koorelah Farms,QLD,4805,0.406,Solar,2025-03-03,2025-06-30,approved
SRPYNSC9,Woolworths Norwest Circa 1422,NSW,2153,0.3,Solar,2025-06-03,2025-06-30,approved
SRPVWAN9,Ashburton Aboriginal Corporation,WA,6751,0.727,Solar,2025-05-01,2025-07-01,approved
SRPXVCS0,Bunnings Nunawading,VIC,3131,0.26,Solar,2025-06-17,2025-07-01,approved
BEBGNS40,Eastern Creek,NSW,2766,4.268,Landfill Gas,2025-05-22,2025-07-01,approved
SRPYNSC0,Gunnedah 2A Solar Farm,NSW,2380,6.048,Solar,2025-05-21,2025-07-01,approved
SRPXQLK3,Hemmant 1+3 Lineage Logistics,QLD,4174,1.518,Solar,2025-06-03,2025-07-01,approved
SRPYNSD4,Raymond Terrace,NSW,2324,0.222,Solar,2025-06-12,2025-07-01,approved
SRPYNSC8,Scalabrini Griffith,NSW,2680,0.22,Solar,2025-06-03,2025-07-01,approved
WD00QL10,Wambo Wind Farm Stage 1,QLD,4410,252.0,Wind,2025-06-11,2025-07-01,approved
SRPYNSD3,Woolworths Merimbula 1250,NSW,2548,0.366,Solar,2025-06-16,2025-07-01,approved
SRPXSA04,SH LEASEHOLD PTY LTD,SA,5096,0.198,Solar,2025-06-20,2025-07-02,approved
SRPYNS87,GPE_DB Santasalo,NSW,2516,0.532,Solar,2025-03-20,2025-07-03,approved
BEBMWA04,Kwinana WTE - WA,WA,6167,42.0,Biomass-Based Components of Municipal Solid Waste,2025-03-27,2025-07-03,approved
SRPYNSB4,Murrumbidgee,NSW,2716,7.125,Solar,2025-05-16,2025-07-03,approved
SRPYNSD5,PCCS,NSW,2486,0.18,Solar,2025-06-12,2025-07-03,approved
SRPVWAO0,Region Group Kwinana 2,WA,6167,1.19,Solar,2025-03-06,2025-07-03,approved
SRPXVCS6,Bunnings Mentone,VIC,3194,0.18,Solar,2025-06-25,2025-07-09,approved
SRPYNSF1,Equinex SY9,NSW,2142,0.49,Solar,2025-06-23,2025-07-09,approved
SRPXVCS4,HomeCo Braybrook,VIC,3019,0.14,Solar,2025-06-23,2025-07-09,approved
SRPXQLK7,HomeCo Bundall,QLD,4217,0.33,Solar,2025-06-23,2025-07-09,approved
SRPXQLL0,Bunnings Lawnton,QLD,4501,0.16,Solar,2025-06-26,2025-07-10,approved
SRPXQLJ8,Omya Bajool - 546kW,QLD,4699,0.546,Solar,2025-05-09,2025-07-10,approved
SRPYNSD7,Bunnings Alexandria,NSW,2015,0.456,Solar,2025-06-20,2025-07-14,approved
SRPYNSD1,"Chisholm Rd, Auburn",NSW,2144,0.207,Solar,2025-06-06,2025-07-14,approved
SRPXQLK9,Hillwood Berries,QLD,4670,0.268,Solar,2025-06-16,2025-07-14,approved
SRPXVCS9,Bunnings Hoppers Crossing,VIC,3029,0.18,Solar,2025-06-30,2025-07-17,approved
SRPYNSC7,Energy Bay - Leppington BP - WH2,NSW,2179,0.439,Solar,2025-05-29,2025-07-17,approved
SRPXVCT1,GPE SURYA ENTERPRISES GOLD COAST,VIC,3925,0.199,Solar,2025-07-02,2025-07-17,approved
SRPXVCH2,Greentech 7 Solar Farm & BESS,VIC,3380,8.507,Solar,2025-02-12,2025-07-17,approved
SRPXVCR9,Minter Magic Packing Shed Iraak,VIC,3494,0.2,Solar,2025-05-27,2025-07-17,approved
SRPYNSF4,Seventh-Day Adventist Aged Care Greater Sydney Ltd,NSW,2147,0.154,Solar,2025-06-30,2025-07-17,approved
SRPVWAO4,Treeby Parklands Care Community,WA,6164,0.23,Solar,2025-07-02,2025-07-17,approved
SRPXVCT0,Western Port Bay Care Community,VIC,3913,0.2,Solar,2025-07-01,2025-07-17,approved
SRPXVCS8,Bunnings Ballarat,VIC,3350,0.18,Solar,2025-06-26,2025-07-18,approved
SRPYNSD9,Goodman AU702 Axle West,NSW,2766,0.655,Solar,2025-06-20,2025-07-18,approved
SRPXQLK4,Pillow Talk Darra,QLD,4076,0.4,Solar,2025-06-10,2025-07-18,approved
SRPVWAO5,SOC Osborne Park,WA,6017,0.3,Solar,2025-07-07,2025-07-18,approved
SRPYNS49,Temora 1C Solar Farm,NSW,2666,6.121,Solar,2025-03-20,2025-07-18,approved
SRPXQLL6,Harvey Norman Maroochydore Homemaker,QLD,4558,0.454,Solar,2025-07-11,2025-07-21,approved
SRPVTA27,Spreyton,TAS,7310,0.174,Solar,2025-07-08,2025-07-21,approved
SRPYNSA2,AU254 M7 BH,NSW,2766,0.438,Solar,2025-05-09,2025-07-23,approved
SRPXQLL2,House Power North Maroochydore Homemaker,QLD,4558,0.203,Solar,2025-07-11,2025-07-23,approved
SRPXQLL3,House Power South Maroochydore Homemaker,QLD,4558,0.187,Solar,2025-07-11,2025-07-23,approved
SRPYNS80,Culcairn Solar Farm,NSW,2660,439.869,Solar,2025-06-26,2025-07-25,approved
SRPXQLL5,Domayne Maroochydore Homemaker,QLD,4558,0.203,Solar,2025-07-11,2025-07-25,approved
SRPXVCS2,GRAC,VIC,3844,0.305,Solar,2025-06-25,2025-07-25,approved
SRPXVCR8,Greenlink 6,VIC,3977,0.439,Solar,2025-06-06,2025-07-25,approved
SRPXVCR5,HomeCo Hawthorn East,VIC,3123,0.2,Solar,2025-05-26,2025-07-25,approved
SRPXQLL4,Joyce Mayne Maroochydore Homemaker,QLD,4558,0.187,Solar,2025-07-11,2025-07-25,approved
SRPVSAZ9,Morgan Sawmill Dublin,SA,5501,0.705,Solar,2025-05-12,2025-07-25,approved
SRPXVCS5,Nhill Renewable Energy Facility,VIC,3418,6.512,Solar,2025-07-03,2025-07-25,approved
SRPYNSF5,Woolworths Eagle Vale 1091,NSW,2558,0.338,Solar,2025-07-08,2025-07-25,approved
SRPXSA06,Greenacres Joint Venture,SA,5086,0.245,Solar,2025-07-09,2025-07-31,approved
SRPYNSC3,Moorebank,NSW,2170,1.731,Solar,2025-05-23,2025-07-31,approved
SRPYNSF3,Redmud Green Energy 197 Pty Ltd,NSW,2386,6.519,Solar,2025-07-15,2025-07-31,approved
SRPYNSE0,Stanhope Leisure Centre,NSW,2768,0.35,Solar,2025-07-25,2025-07-31,approved
SRPVTA26,UA Mornington,TAS,7018,0.21,Solar,2025-06-24,2025-07-31,approved
SRPXVCT3,Harvey Norman Warragul,VIC,3820,0.336,Solar,2025-07-18,2025-08-01,approved
SRPYNSD8,Goodman AU079 Greystanes Laminex,NSW,2145,0.4,Solar,2025-06-20,2025-08-04,approved
SRPXQLL1,DW Coomera,QLD,4209,0.709,Solar,2025-07-02,2025-08-05,approved
SRPXQLK6,Mackay Christian College Senior Campus,QLD,4740,0.29,Solar,2025-06-23,2025-08-05,approved
SRPYNSF7,Team Medical Supplies,NSW,2147,0.207,Solar,2025-07-10,2025-08-05,approved
SRPXQLM0,Americold Hemmant 3,QLD,4174,0.524,Solar,2025-07-28,2025-08-07,approved
SRPXQLL7,Brothers Sports Club,QLD,4670,0.292,Solar,2025-07-08,2025-08-07,approved
SRPYNS96,Dungog WTP,NSW,2420,0.301,Solar,2025-07-08,2025-08-08,approved
SRPYNSB9,Wollongong WRRF,NSW,2505,0.246,Solar,2025-05-23,2025-08-08,approved
SRPYNSF6,Canally Microgrid,NSW,2715,6.567,Solar,2025-08-04,2025-08-14,approved
SRPYNSE4,Coffs Harbour Grange Care Community,NSW,2450,0.189,Solar,2025-07-29,2025-08-14,approved
SRPXSA03,Munno Para Foodland,SA,5114,1.18,Solar,2025-06-18,2025-08-14,approved
SRPYNSD6,Tronox,NSW,2715,10.713,Solar,2025-07-12,2025-08-14,approved
SRPYNSB8,Elements of Byron,NSW,2481,0.837,Solar,2025-05-20,2025-08-19,approved
SRPXQLL8,FABCOT Chermside,QLD,4032,0.254,Solar,2025-07-14,2025-08-19,approved
SRPXVCQ9,Altona Inlet Pump Station,VIC,3018,0.226,Solar,2025-04-16,2025-08-26,approved
SRPXVCS3,Bunnings Keysborough,VIC,3173,0.2,Solar,2025-06-24,2025-08-26,approved
SRPXQLM4,Ignatius Park College,QLD,4814,0.29,Solar,2025-08-04,2025-08-26,approved
SRPXVCT9,Ambassador Industrial Pty Ltd,VIC,3803,0.257,Solar,2025-07-25,2025-08-27,approved
SRPXVCT4,Dexus Dulux Dandenong,VIC,3175,0.226,Solar,2025-07-25,2025-08-27,approved
SRPXQLM3,Harbourside Townsville,QLD,4810,0.779,Solar,2025-08-04,2025-08-27,approved
SRPXQLM2,KQF Newheath Dr,QLD,4214,0.536,Solar,2025-07-30,2025-08-27,approved
SRPXVCT7,Liuzzi 25 Eton St,VIC,3072,0.275,Solar,2025-07-21,2025-08-27,approved
SRPXVCT8,Liuzzi 71 Gower St,VIC,3072,0.4,Solar,2025-07-21,2025-08-27,approved
SRPXQLM5,Mercy Community,QLD,4014,0.853,Solar,2025-08-04,2025-08-27,approved
SRPXVCP9,Norther Airfield,VIC,3045,11.278,Solar,2025-06-01,2025-08-27,approved
SRPVWAN8,Rose Farms,WA,6220,0.2,Solar,2025-08-04,2025-08-27,approved
SRPYNSE3,Suprima Bakeries Pty Ltd,NSW,2566,0.751,Solar,2025-07-23,2025-08-27,approved
